Player,Team,Pos,Age,G,AB,R,H,2B,3B,HR,RBI,SB,CS,BB,SO,SH,SF,HBP,AVG,OBP,SLG,OPS
Anthony Volpe,NYY,SS,23,65,267,47,76,10,6,6,25,12,3,23,63,2,1,3,.285,.347,.434,.781
Jarren Duran,BOS,OF,27,65,266,39,70,17,9,5,27,14,3,25,67,1,2,3,.263,.331,.451,.782
Fernando Tatis,SD,OF,25,68,266,44,75,12,1,11,33,7,3,27,60,0,1,5,.282,.358,.459,.817
Maikel Garcia,KC,3B,24,63,265,43,69,13,3,5,36,15,0,20,46,2,2,0,.260,.310,.389,.699
Ezequiel Tovar,COL,SS,22,63,265,34,78,19,1,10,28,4,2,11,83,3,1,2,.294,.326,.487,.813
Jose Altuve,HOU,2B,34,64,264,37,76,12,0,9,22,9,3,18,53,0,0,3,.288,.340,.436,.776
Marcus Semien,TEX,2B,33,63,261,46,68,13,1,10,35,1,0,25,41,0,1,0,.261,.324,.433,.757
Bobby Witt,KC,SS,23,65,261,56,84,16,7,11,47,19,7,22,51,0,4,2,.322,.374,.563,.937
Julio Rodriguez,SEA,OF,23,66,259,29,69,5,0,5,24,14,4,17,78,0,0,2,.266,.317,.344,.661
William Contreras,MIL,C,26,64,259,49,80,17,1,8,46,4,0,27,57,0,2,2,.309,.376,.475,.851
Bryan Reynolds,PIT,OF,29,64,259,24,68,14,1,8,34,5,0,26,58,0,2,1,.263,.330,.417,.747
Mookie Betts,LAD,OF,31,65,257,48,80,14,3,10,35,9,1,45,29,0,0,0,.311,.414,.506,.920
Francisco Lindor,NYM,SS,30,63,255,37,61,15,0,10,31,9,3,20,47,0,2,6,.239,.307,.416,.723
Shohei Ohtani,LAD,DH,29,63,254,46,79,17,2,15,41,14,1,28,61,0,2,1,.311,.379,.571,.950
Ketel Marte,ARI,2B,30,63,252,41,71,14,2,13,35,1,0,22,55,0,5,3,.282,.340,.508,.848
Teoscar Hernandez,LAD,OF,31,66,252,38,66,13,1,15,47,4,2,23,80,0,0,3,.262,.331,.500,.831
Willy Adames,MIL,SS,28,64,250,33,60,17,0,9,43,8,2,29,64,0,1,1,.240,.320,.416,.736
Bryan De La Cruz,MIA,OF,27,63,250,30,62,10,0,11,28,1,1,19,68,0,2,1,.248,.301,.420,.721
Adley Rutschman,BAL,C,26,60,250,34,75,8,0,12,43,1,0,15,48,0,2,1,.300,.340,.476,.816
Jake Cronenworth,SD,2B,30,64,249,27,65,15,2,9,44,1,2,21,48,1,3,3,.261,.322,.446,.768
Yandy Diaz,TB,1B,32,63,248,24,61,12,1,4,29,0,0,25,37,0,2,2,.246,.318,.351,.669
Jeremy Pena,HOU,SS,26,64,248,35,75,10,1,5,23,9,4,9,43,1,2,4,.302,.335,.411,.746
Yordan Alvarez,HOU,OF,26,64,247,37,73,15,0,13,33,3,0,26,44,0,2,4,.296,.369,.514,.883
Matt Chapman,SF,3B,31,64,246,41,59,17,0,8,28,5,0,25,63,0,0,3,.240,.318,.407,.725
Jose Ramirez,CLE,3B,31,62,246,49,67,13,1,18,61,9,2,23,29,0,2,1,.272,.335,.553,.888
Anthony Rizzo,NYY,1B,34,64,245,29,55,7,0,7,25,0,0,15,46,0,1,6,.224,.285,.339,.624
Vladimir Guerrero,TOR,1B,25,64,245,30,72,12,0,7,30,2,0,36,47,0,0,1,.294,.387,.429,.816
Gunnar Henderson,BAL,SS,22,63,243,49,64,9,4,20,45,8,0,36,69,0,2,5,.263,.367,.580,.947
Pete Alonso,NYM,1B,29,63,243,36,59,16,0,14,31,1,0,24,55,0,1,4,.243,.320,.481,.801
Freddie Freeman,LAD,1B,34,66,242,40,71,19,2,8,40,3,1,38,49,0,4,7,.293,.399,.488,.887
Nick Castellanos,PHI,OF,32,64,242,33,52,7,1,9,29,1,2,19,57,0,1,2,.215,.277,.364,.641
Paul Goldschmidt,STL,1B,36,61,242,31,55,9,0,7,25,3,0,24,79,0,0,2,.227,.302,.351,.653
Josh Bell,MIA,1B,31,64,242,27,62,12,1,7,31,0,0,20,50,0,2,5,.256,.323,.401,.724
Michael Harris,ATL,OF,23,62,242,27,59,9,1,5,19,8,4,14,56,0,1,2,.244,.290,.351,.641
Lourdes Gurriel,ARI,OF,30,60,242,29,59,11,0,9,37,3,1,12,48,0,0,2,.244,.285,.401,.686
Jazz Chisholm,MIA,OF,26,63,241,28,60,11,3,8,30,12,3,22,63,0,0,2,.249,.317,.419,.736
Alec Bohm,PHI,3B,27,63,241,30,70,23,1,6,50,2,1,18,36,0,3,3,.290,.343,.469,.812
Corbin Carroll,ARI,OF,23,63,241,31,48,7,4,2,20,10,4,27,52,0,2,3,.199,.286,.286,.572
Elly De La Cruz,CIN,SS,22,65,240,41,57,11,1,11,29,34,6,29,87,2,0,4,.238,.330,.429,.759
Abraham Toro,OAK,3B,27,63,240,30,65,14,1,5,21,3,2,11,46,1,0,4,.271,.314,.400,.714
Gleyber Torres,NYY,2B,27,66,240,28,55,11,0,5,21,4,1,25,66,1,2,2,.229,.305,.338,.643
Bo Bichette,TOR,SS,26,61,239,21,58,13,1,4,27,4,1,14,42,0,1,3,.243,.292,.356,.648
Juan Soto,NYY,OF,25,64,239,49,76,11,3,17,53,4,2,46,48,0,4,1,.318,.424,.603,1.027
Alex Bregman,HOU,3B,30,61,238,25,56,11,1,9,29,2,0,22,39,0,2,1,.235,.300,.403,.703
Christian Walker,ARI,1B,33,65,237,39,60,12,0,12,39,2,2,32,69,0,5,3,.253,.343,.456,.799
Ryan McMahon,COL,3B,29,63,236,31,63,11,0,10,34,0,4,31,76,0,2,1,.267,.352,.441,.793
Thairo Estrada,SF,2B,28,61,236,34,58,12,1,8,32,1,2,8,47,0,2,3,.246,.277,.407,.684
CJ Abrams,WSH,SS,23,58,236,35,58,11,4,10,28,9,5,13,55,1,2,4,.246,.294,.453,.747
Aaron Judge,NYY,OF,32,66,235,49,70,20,1,23,57,5,0,55,72,0,2,2,.298,.432,.685,1.117
Nolan Arenado,STL,3B,33,61,234,23,58,10,0,6,30,0,1,20,43,0,4,2,.248,.308,.368,.676
Kyle Schwarber,PHI,OF,31,62,234,44,54,4,0,11,36,4,1,46,81,0,5,1,.231,.353,.389,.742
Taylor Ward,LAA,OF,30,63,234,30,59,11,0,11,34,2,3,29,60,0,4,0,.252,.330,.440,.770
Andres Gimenez,CLE,2B,25,58,232,35,61,10,1,4,33,9,3,11,38,1,3,10,.263,.320,.366,.686
JJ Bleday,OAK,OF,26,66,232,26,56,18,3,9,23,0,1,28,49,1,0,0,.241,.323,.461,.784
Adolis Garcia,TEX,OF,31,61,231,30,50,10,0,13,40,4,1,17,70,0,5,3,.216,.273,.429,.702
Riley Greene,DET,OF,23,63,231,42,55,12,1,11,24,3,0,34,73,0,1,1,.238,.337,.442,.779
Alex Verdugo,NYY,OF,28,63,230,29,59,13,1,8,34,1,1,21,34,0,6,1,.257,.314,.426,.740
Salvador Perez,KC,C,34,63,230,25,70,15,0,10,42,0,0,20,43,0,0,7,.304,.377,.500,.877
Manny Machado,SD,3B,31,61,230,27,57,11,0,6,32,5,1,21,53,0,0,0,.248,.311,.374,.685
Jurickson Profar,SD,OF,31,68,230,37,74,12,0,9,42,4,2,36,40,1,2,4,.322,.419,.491,.910
Matt Olson,ATL,1B,30,62,230,27,55,15,1,9,34,0,0,25,67,0,2,4,.239,.322,.430,.752
Marcell Ozuna,ATL,DH,33,62,229,39,73,14,0,18,55,0,0,28,57,0,2,1,.319,.392,.616,1.008
Orlando Arcia,ATL,SS,29,62,228,22,52,16,0,6,21,0,0,7,47,0,5,1,.228,.249,.377,.626
Ryan Mountcastle,BAL,1B,27,58,228,34,64,16,1,11,31,2,0,14,53,0,2,1,.281,.322,.504,.826
Ha-Seong Kim,SD,2B,28,67,228,35,51,8,3,9,32,13,2,37,43,1,1,1,.224,.333,.404,.737
Brendan Donovan,STL,2B,27,58,228,28,55,15,1,4,27,0,2,19,36,0,3,8,.241,.318,.368,.686
Spencer Steer,CIN,3B,26,63,227,30,54,15,1,7,40,11,1,31,51,0,1,4,.238,.338,.405,.743
Eugenio Suarez,ARI,3B,32,64,225,24,45,10,1,5,29,2,0,17,73,0,5,5,.200,.266,.320,.586
Josh Naylor,CLE,1B,26,60,223,35,50,9,0,16,47,3,2,24,42,0,3,4,.224,.307,.480,.787
Christopher Morel,CHC,OF,24,64,223,30,45,4,1,12,39,6,2,33,58,0,4,5,.202,.313,.390,.703
Jordan Westburg,BAL,2B,25,59,223,32,62,11,4,10,39,6,3,16,47,1,1,3,.278,.333,.498,.831
Ceddanne Rafaela,BOS,OF,23,64,222,29,48,9,2,7,37,8,5,8,65,2,3,1,.216,.244,.369,.613
Isaac Paredes,TB,3B,25,60,222,27,64,13,0,10,37,0,1,25,42,0,2,6,.288,.373,.482,.855
Andrew Vaughn,CWS,1B,26,59,221,20,48,12,0,6,22,1,0,16,58,0,1,3,.217,.278,.353,.631
Brandon Nimmo,NYM,OF,31,60,221,31,49,10,2,7,31,5,0,34,64,0,0,9,.222,.348,.380,.728
Anthony Santander,BAL,OF,29,59,220,33,50,13,1,13,36,0,0,20,44,0,1,6,.227,.308,.473,.781
Randy Arozarena,TB,OF,29,62,220,28,38,9,0,8,19,7,4,31,69,0,1,4,.173,.285,.323,.608
Brenton Doyle,COL,OF,26,62,219,39,59,11,2,5,17,17,3,24,65,3,1,1,.269,.343,.406,.749
Giancarlo Stanton,NYY,OF,34,58,219,27,50,9,0,15,36,0,0,17,73,0,0,0,.228,.284,.475,.759
Corey Seager,TEX,SS,30,57,218,29,59,5,0,13,30,0,0,30,43,0,1,1,.271,.360,.472,.832
Ian Happ,CHC,OF,29,60,218,31,48,13,1,6,27,3,1,30,68,0,1,4,.220,.324,.372,.696
Brendan Rodgers,COL,2B,27,59,218,24,60,14,1,3,22,1,0,11,51,0,1,0,.275,.309,.390,.699
Oneil Cruz,PIT,SS,25,58,218,28,53,13,1,9,24,5,1,18,80,0,0,0,.243,.301,.436,.737
Vinnie Pasquantino,KC,1B,26,61,217,30,53,18,1,7,43,0,0,23,35,0,8,4,.244,.317,.433,.750
Bryce Harper,PHI,1B,31,59,217,36,60,11,0,15,45,3,3,39,59,0,2,0,.276,.384,.535,.919
Starling Marte,NYM,OF,35,57,214,32,60,8,2,6,26,10,0,14,49,1,1,2,.280,.329,.421,.750
Jeimer Candelario,CIN,3B,30,57,214,23,51,14,2,9,26,2,3,18,59,0,1,3,.238,.305,.449,.754
Kyle Tucker,HOU,OF,27,60,214,42,57,11,0,19,40,10,0,46,41,0,1,0,.266,.395,.584,.979
Ozzie Albies,ATL,2B,27,54,214,28,57,17,0,4,30,4,1,17,38,0,1,4,.266,.331,.402,.733
Willi Castro,MIN,OF,27,64,214,31,54,12,4,4,16,7,4,21,60,0,1,7,.252,.337,.402,.739
George Springer,TOR,OF,34,57,213,27,43,7,0,5,13,7,0,27,36,0,2,1,.202,.292,.305,.597
Jackson Merrill,SD,SS,21,64,213,25,58,7,1,3,23,8,2,12,35,2,1,0,.272,.310,.357,.667
Yainer Diaz,HOU,C,25,57,213,22,55,10,1,7,33,0,0,8,34,0,3,1,.258,.284,.413,.697
Zach Neto,LAA,SS,23,62,212,21,52,13,0,7,23,8,6,13,55,0,0,2,.245,.295,.406,.701
Ty France,SEA,1B,29,61,211,21,53,11,0,7,27,0,1,19,56,0,1,6,.251,.329,.403,.732
Nico Hoerner,CHC,SS,27,57,210,31,53,13,1,2,17,7,2,24,23,0,1,6,.252,.344,.352,.696
Mitch Haniger,SEA,OF,33,60,210,20,46,8,0,6,27,0,0,18,61,0,1,0,.219,.279,.343,.622
Will Smith,LAD,C,29,55,209,33,61,16,0,9,38,0,1,22,37,0,4,3,.292,.361,.498,.859
Spencer Torkelson,DET,1B,24,54,209,24,42,15,0,4,18,0,0,16,56,0,1,3,.201,.266,.330,.596
Leody Taveras,TEX,OF,25,61,208,25,47,9,2,4,13,5,2,21,43,1,0,0,.226,.297,.346,.643
Jonah Heim,TEX,C,28,57,207,22,51,6,0,6,31,1,0,12,41,0,1,1,.246,.290,.362,.652
Jesse Winker,WSH,OF,30,62,206,29,54,10,0,6,28,11,4,29,59,1,2,7,.262,.369,.398,.767
Brice Turang,MIL,2B,24,60,205,30,63,13,0,3,23,23,1,21,37,3,2,1,.307,.371,.415,.786
J.T. Realmuto,PHI,C,33,50,204,28,54,8,1,7,20,1,2,11,59,0,1,2,.265,.307,.417,.724
Connor Joe,PIT,OF,31,57,204,35,54,14,0,7,25,2,1,21,45,0,1,3,.265,.341,.436,.777
Cody Bellinger,CHC,OF,28,51,203,23,52,11,1,8,29,3,1,17,37,0,2,2,.256,.317,.438,.755
Jeff McNeil,NYM,2B,32,57,203,20,46,10,0,3,14,3,0,17,25,1,0,3,.227,.296,.320,.616
Mark Canha,DET,OF,35,58,203,28,48,10,0,6,26,2,0,28,51,0,1,6,.236,.345,.374,.719
Joey Meneses,WSH,DH,32,54,202,12,46,7,0,2,30,2,0,16,43,0,4,3,.228,.289,.292,.581
Nolan Schanuel,LAA,1B,22,56,202,19,43,4,0,7,20,0,0,17,41,2,2,4,.213,.284,.337,.621
Rafael Devers,BOS,3B,27,54,201,35,57,12,2,13,32,1,0,28,55,0,1,2,.284,.375,.557,.932
Daulton Varsho,TOR,OF,27,60,200,35,43,12,3,10,31,6,1,25,55,0,0,0,.215,.302,.455,.757
Josh Smith,TEX,SS,26,62,200,30,57,15,1,4,24,4,0,19,43,0,0,9,.285,.373,.430,.803
Cal Raleigh,SEA,C,27,60,199,25,40,5,0,11,33,1,0,23,78,0,3,2,.201,.286,.392,.678
Jonathan India,CIN,2B,27,58,198,26,48,6,1,4,26,5,1,35,49,0,3,3,.242,.360,.343,.703
Nolan Gorman,STL,2B,24,57,198,29,45,8,0,14,32,2,1,25,77,0,0,0,.227,.314,.480,.794
Carlos Santana,MIN,1B,38,58,198,19,43,7,0,9,25,1,0,20,36,0,0,3,.217,.299,.389,.688
Andrew McCutchen,PIT,DH,37,52,198,31,47,5,0,8,20,1,1,25,58,0,0,5,.237,.338,.384,.722
Sal Frelick,MIL,OF,24,58,197,31,51,7,1,2,14,8,2,21,45,0,0,3,.259,.339,.335,.674
Jorge Soler,SF,OF,32,53,195,24,41,9,0,7,18,0,0,18,49,0,2,2,.210,.281,.364,.645
Mike Tauchman,CHC,OF,33,58,195,36,51,10,1,5,18,5,1,30,46,0,1,2,.262,.364,.400,.764
Tyler Freeman,CLE,3B,25,57,194,33,42,12,0,5,24,8,4,19,33,2,2,9,.216,.313,.356,.669
Bryson Stott,PHI,2B,26,59,193,32,47,6,2,5,32,18,1,29,33,0,5,3,.244,.343,.373,.716
Charlie Blackmon,COL,OF,37,54,193,28,50,13,3,2,25,5,1,18,25,0,0,3,.259,.332,.389,.721
Elias Diaz,COL,C,33,53,193,20,58,12,0,5,27,0,0,13,37,0,2,3,.301,.351,.440,.791
Austin Riley,ATL,3B,27,49,192,28,45,10,2,3,20,0,0,17,51,0,0,2,.234,.303,.354,.657
Luis Garcia,WSH,2B,24,53,192,17,51,11,0,5,26,8,0,11,37,0,0,0,.266,.305,.401,.706
Matt Vierling,DET,OF,27,57,192,26,53,8,4,7,28,0,0,10,45,0,2,1,.276,.312,.469,.781
Ronald Acuna,ATL,OF,26,49,192,38,48,8,1,4,15,16,3,27,53,0,0,3,.250,.351,.365,.716
Brent Rooker,OAK,OF,29,53,191,25,52,12,1,12,39,2,1,24,73,0,0,2,.272,.359,.534,.893
Gavin Sheets,CWS,OF,28,59,191,20,47,14,1,7,27,1,0,28,38,0,2,3,.246,.348,.440,.788
Dansby Swanson,CHC,SS,30,54,191,28,42,8,1,6,18,4,2,18,59,0,1,2,.220,.292,.366,.658
Isiah Kiner-Falefa,TOR,OF,29,63,190,18,51,6,2,4,21,3,0,12,28,1,1,1,.268,.314,.384,.698
Andrew Benintendi,CWS,OF,29,51,190,13,37,5,0,4,18,2,1,9,35,0,1,0,.195,.230,.284,.514
Elehuris Montero,COL,3B,25,55,190,18,39,8,0,3,23,0,0,17,46,0,2,0,.205,.268,.295,.563
Alec Burleson,STL,OF,25,56,190,19,52,7,0,8,23,2,0,9,28,0,0,0,.274,.307,.437,.744
Ryan Jeffers,MIN,C,27,57,189,25,44,14,0,12,36,2,0,16,53,1,3,10,.233,.321,.497,.818
Shea Langeliers,OAK,C,26,56,189,22,38,8,2,12,30,2,1,14,56,0,3,3,.201,.263,.455,.718
Jose Caballero,TB,2B,27,55,188,27,49,10,1,3,18,21,8,11,61,2,1,6,.261,.320,.372,.692
Will Benson,CIN,OF,25,61,188,21,40,12,2,8,22,9,6,26,84,1,1,1,.213,.310,.426,.736
Logan O'Hoppe,LAA,C,24,54,188,24,48,7,1,7,26,0,0,13,51,1,0,2,.255,.310,.415,.725
Masyn Winn,STL,SS,22,57,188,22,57,12,2,3,21,8,3,17,37,2,4,0,.303,.354,.436,.790
Paul DeJong,CWS,SS,30,59,188,25,44,10,0,11,24,2,0,7,66,0,2,7,.234,.284,.463,.747
Xander Bogaerts,SD,SS,31,47,187,23,41,6,0,4,14,4,0,12,40,0,1,0,.219,.265,.316,.581
Javier Baez,DET,SS,31,53,186,15,34,9,0,1,25,6,1,6,42,0,3,1,.183,.209,.247,.456
Justin Turner,TOR,1B,39,56,186,20,43,11,0,4,21,0,2,22,35,0,2,2,.231,.316,.355,.671
Colt Keith,DET,3B,22,57,186,16,40,6,0,2,19,3,1,13,36,0,1,1,.215,.269,.280,.549
Jared Triolo,PIT,3B,26,55,186,15,40,4,0,3,19,4,1,21,53,0,4,1,.215,.292,.285,.577
Amed Rosario,TB,SS,28,49,185,15,55,10,3,2,22,5,4,4,31,0,1,0,.297,.311,.416,.727
Blake Perkins,MIL,OF,27,54,184,33,47,6,2,5,21,6,1,18,53,0,1,3,.255,.330,.391,.721
Luis Campusano,SD,C,25,57,184,23,43,11,0,4,27,0,0,13,25,0,0,0,.234,.284,.359,.643
Davis Schneider,TOR,2B,25,57,182,26,42,14,0,7,30,3,0,25,56,0,3,4,.231,.332,.423,.755
Nelson Velazquez,KC,OF,25,54,179,29,38,8,1,8,25,2,0,16,57,0,1,2,.212,.283,.402,.685
Michael Busch,CHC,3B,26,60,179,29,44,10,1,8,23,1,1,26,71,0,3,2,.246,.343,.447,.790
MJ Melendez,KC,OF,25,56,178,16,29,8,2,6,17,2,0,14,51,0,0,1,.163,.228,.331,.559
Mitch Garver,SEA,C,33,55,178,22,32,9,0,7,22,0,0,26,63,0,2,3,.180,.292,.348,.640
Cedric Mullins,BAL,OF,29,57,176,24,30,3,1,6,22,12,2,11,50,0,2,1,.170,.221,.301,.522
Harrison Bader,NYM,OF,30,56,176,21,47,9,0,3,23,8,4,11,40,0,3,3,.267,.316,.369,.685
Jackson Chourio,MIL,OF,20,55,176,22,38,5,0,6,21,7,2,10,50,1,1,0,.216,.257,.347,.604
Colton Cowser,BAL,OF,24,60,175,26,40,12,0,7,26,4,1,22,60,0,2,4,.229,.325,.417,.742
Zack Gelof,OAK,2B,24,47,175,18,32,6,1,5,13,6,1,13,64,1,1,1,.183,.242,.314,.556
Nicky Lopez,CWS,2B,29,52,172,17,42,4,1,0,4,2,5,13,28,4,0,2,.244,.305,.279,.584
Josh Rojas,SEA,3B,29,54,172,19,46,9,2,3,11,6,2,16,35,0,0,1,.267,.333,.395,.728
Jesus Sanchez,MIA,OF,26,57,172,15,42,6,0,4,23,6,1,10,39,1,1,3,.244,.296,.349,.645
Will Brennan,CLE,OF,26,56,171,20,40,5,1,5,20,3,1,13,25,0,1,2,.234,.294,.363,.657
Andy Pages,LAD,OF,23,46,170,26,44,7,0,6,19,1,2,9,54,0,3,4,.259,.306,.406,.712
Luis Rengifo,LAA,2B,27,48,170,24,53,9,1,4,18,15,5,12,27,1,0,1,.312,.361,.447,.808
Eddie Rosario,WSH,OF,32,53,170,23,32,9,0,7,23,8,1,13,44,1,1,0,.188,.245,.365,.610
Wilyer Abreu,BOS,OF,24,53,169,26,46,14,2,6,22,7,1,19,49,0,1,0,.272,.344,.485,.829
Edouard Julien,MIN,2B,25,58,169,24,35,6,0,7,17,6,0,24,66,0,0,1,.207,.309,.367,.676
Jo Adell,LAA,OF,25,56,168,26,32,5,1,11,27,9,6,12,56,0,2,3,.190,.254,.429,.683
Gavin Lux,LAD,2B,26,49,167,17,34,6,2,1,13,2,0,12,39,0,0,0,.204,.257,.281,.538
Johan Rojas,PHI,OF,23,52,167,20,39,3,1,2,19,14,2,7,29,4,0,2,.234,.273,.299,.572
Tyler Stephenson,CIN,C,27,54,167,27,44,10,0,6,22,1,0,15,35,0,2,3,.263,.332,.431,.763
Jake Burger,MIA,3B,28,43,166,17,37,5,0,4,21,0,1,8,42,0,2,0,.223,.256,.325,.581
Joey Ortiz,MIL,2B,25,57,165,25,48,12,2,5,23,3,3,25,28,1,2,2,.291,.387,.479,.866
Dylan Moore,SEA,OF,31,54,165,22,35,11,2,6,22,9,2,20,49,0,4,9,.212,.323,.412,.735
Ryan O'Hearn,BAL,1B,30,50,165,25,47,5,1,9,21,2,0,15,18,0,0,0,.285,.344,.491,.835
Tim Anderson,MIA,SS,30,48,165,11,31,3,0,0,6,3,2,7,51,0,0,0,.188,.221,.206,.427
Hunter Renfroe,KC,OF,32,54,165,21,32,10,0,5,24,1,0,16,33,0,0,1,.194,.269,.345,.614
Carlos Correa,MIN,SS,29,46,165,23,42,11,2,5,24,0,0,19,39,0,4,0,.255,.324,.436,.760
Mike Yastrzemski,SF,OF,33,56,164,19,35,5,2,6,24,1,0,16,53,1,0,1,.213,.287,.378,.665
Harold Ramirez,TB,DH,29,48,164,21,44,3,0,1,13,5,2,3,33,0,1,1,.268,.284,.305,.589
Brayan Rocchio,CLE,SS,23,55,164,27,35,9,0,1,11,7,4,23,36,1,2,2,.213,.314,.287,.601
Connor Wong,BOS,C,28,47,163,22,54,6,0,5,21,2,2,10,36,0,2,6,.331,.387,.460,.847
Ke'Bryan Hayes,PIT,3B,27,43,162,21,41,7,0,2,15,4,0,18,35,0,4,2,.253,.328,.333,.661
Jacob Young,WSH,OF,24,53,162,25,44,7,0,0,16,17,3,8,34,3,1,6,.272,.328,.315,.643
Seth Brown,OAK,OF,31,57,162,11,31,4,0,5,13,4,1,13,58,0,0,0,.191,.251,.309,.560
Brandon Marsh,PHI,OF,26,52,162,21,43,6,1,6,26,8,2,21,53,0,3,0,.265,.344,.426,.770
Jake Meyers,HOU,OF,27,57,162,18,42,5,2,6,25,4,2,13,35,1,0,3,.259,.326,.426,.752
Gabriel Moreno,ARI,C,24,52,161,19,38,8,1,2,20,0,1,18,29,0,1,1,.236,.315,.335,.650
Jose Miranda,MIN,3B,25,49,161,20,44,9,1,6,20,1,0,5,26,0,1,3,.273,.306,.453,.759
Oswaldo Cabrera,NYY,OF,25,50,161,19,38,5,0,4,21,2,1,10,31,0,2,0,.236,.277,.342,.619
Michael Conforto,SF,OF,31,43,161,21,42,7,1,8,22,0,1,13,37,0,0,0,.261,.316,.466,.782
Keibert Ruiz,WSH,C,25,45,160,15,32,4,0,3,13,1,1,4,25,0,1,4,.200,.237,.281,.518
Wilmer Flores,SF,1B,32,53,160,16,36,8,0,4,21,0,0,16,23,0,4,2,.225,.297,.350,.647
Jorge Polanco,SEA,2B,30,46,159,15,31,2,0,5,14,1,2,21,56,0,0,1,.195,.293,.302,.595
J.P. Crawford,SEA,SS,29,41,159,24,35,8,1,5,17,1,0,19,36,0,1,1,.220,.306,.377,.683
Rhys Hoskins,MIL,1B,31,45,159,20,37,6,0,10,28,2,0,20,38,0,1,4,.233,.332,.459,.791
Kyle Isbel,KC,OF,27,53,157,21,33,5,1,4,18,4,1,9,30,2,1,1,.210,.256,.331,.587
Nick Gordon,MIA,OF,28,56,156,17,36,5,0,6,21,5,2,6,36,0,1,0,.231,.258,.378,.636
Tyler O'Neill,BOS,OF,28,44,156,32,39,6,0,11,18,1,0,23,60,0,0,2,.250,.354,.500,.854
Jose Siri,TB,OF,28,52,155,21,30,7,0,6,22,7,6,14,64,2,2,5,.194,.278,.355,.633
Ivan Herrera,STL,C,24,48,154,20,40,5,0,3,16,2,0,13,36,0,2,2,.260,.322,.351,.673
Richie Palacios,TB,OF,27,53,154,26,39,4,0,4,12,9,0,20,44,0,1,2,.253,.345,.357,.702
Seiya Suzuki,CHC,OF,29,39,153,22,40,7,1,7,25,3,1,12,45,0,3,4,.261,.326,.458,.784
Byron Buxton,MIN,DH,30,46,152,18,35,8,2,3,16,2,2,7,51,0,1,4,.230,.280,.368,.648
Steven Kwan,CLE,OF,26,37,151,36,56,7,2,4,14,3,4,14,14,1,0,2,.371,.431,.523,.954
Jack Suwinski,PIT,OF,25,53,151,17,27,5,0,5,15,5,0,18,47,1,1,0,.179,.265,.311,.576
Brett Baty,NYM,3B,24,49,151,15,34,3,0,4,16,0,0,16,42,1,0,1,.225,.304,.325,.629
Wyatt Langford,TEX,OF,22,40,150,16,34,4,2,1,15,1,1,12,37,0,1,1,.227,.287,.300,.587
Alex Kirilloff,MIN,1B,26,54,150,20,32,8,3,5,19,0,0,14,44,0,3,1,.213,.280,.407,.687
Wenceel Perez,DET,2B,24,44,150,22,37,6,5,3,15,4,2,15,35,1,1,0,.247,.313,.413,.726
Max Kepler,MIN,OF,31,45,150,21,38,14,0,4,21,1,0,12,33,0,1,2,.253,.315,.427,.742
Kevin Newman,ARI,SS,30,48,150,20,38,9,1,2,14,2,0,7,24,2,0,0,.253,.287,.367,.654
Luke Raley,SEA,OF,29,53,149,20,39,5,1,6,16,5,0,6,47,0,0,5,.262,.313,.430,.743
Joc Pederson,ARI,OF,32,54,148,19,42,11,0,7,21,3,0,20,46,1,2,5,.284,.383,.500,.883
Jarred Kelenic,ATL,OF,24,49,147,16,38,9,1,3,12,0,1,9,48,0,1,0,.259,.299,.395,.694
Kerry Carpenter,DET,OF,26,50,145,21,41,10,4,8,29,0,1,11,38,0,2,3,.283,.342,.572,.914
Nathaniel Lowe,TEX,1B,28,43,145,18,38,5,0,2,19,1,0,24,37,0,3,1,.262,.364,.338,.702
Jung Hoo Lee,SF,OF,25,37,145,15,38,4,0,2,8,2,3,10,13,0,2,1,.262,.310,.331,.641
Jake Fraley,CIN,OF,29,49,145,24,42,6,1,1,9,10,4,13,30,0,2,1,.290,.348,.366,.714
Rowdy Tellez,PIT,1B,29,53,144,13,30,5,0,2,15,0,0,11,35,0,1,1,.208,.268,.285,.553
Evan Carter,TEX,OF,21,45,144,23,27,6,2,5,15,2,0,15,43,0,1,2,.188,.272,.361,.633
Korey Lee,CWS,C,25,48,143,13,35,4,0,5,16,4,2,7,42,0,0,0,.245,.280,.378,.658
Christian Yelich,MIL,OF,32,38,143,21,47,6,2,6,29,10,1,19,34,0,1,1,.329,.409,.524,.933
Jon Singleton,HOU,1B,32,47,142,20,30,3,0,5,14,0,0,22,44,0,1,0,.211,.315,.338,.653
Mauricio Dubon,HOU,OF,29,50,142,16,42,8,0,2,21,2,1,5,10,0,2,1,.296,.320,.394,.714
Lars Nootbaar,STL,OF,26,39,141,14,33,7,1,5,19,3,0,22,34,1,0,0,.234,.337,.404,.741
Mickey Moniak,LAA,OF,26,48,141,12,23,4,0,2,9,3,0,6,40,0,0,0,.163,.197,.234,.431
Jake Bauers,MIL,1B,28,45,140,19,29,9,1,5,25,7,1,15,54,0,0,4,.207,.302,.393,.695
J.D. Martinez,NYM,DH,36,37,139,13,38,8,1,5,16,0,0,10,44,0,0,1,.273,.327,.453,.780
Max Muncy,LAD,3B,33,40,139,24,31,8,0,9,28,0,0,21,50,0,5,2,.223,.323,.475,.798
Lane Thomas,WSH,OF,28,35,138,14,30,3,1,4,16,15,2,12,32,0,2,1,.217,.281,.341,.622
Jake McCarthy,ARI,OF,26,56,138,21,37,6,1,2,13,9,1,15,30,2,1,4,.268,.354,.370,.724
Luis Arraez,MIA,2B,27,33,137,22,41,8,1,0,5,0,0,8,11,1,0,2,.299,.347,.372,.719
Trea Turner,PHI,SS,30,33,137,27,47,10,0,2,9,10,1,9,28,0,0,2,.343,.392,.460,.852
Enrique Hernandez,LAD,SS,32,49,136,10,28,3,0,4,11,0,0,13,30,0,1,0,.206,.273,.316,.589
Nick Senzel,WSH,OF,28,43,136,18,33,9,0,6,16,1,3,22,36,0,0,1,.243,.352,.441,.793
Bo Naylor,CLE,C,24,44,135,14,23,3,0,3,12,1,1,13,53,0,1,1,.170,.247,.259,.506
Eloy Jimenez,CWS,DH,27,36,134,12,31,5,0,5,12,3,0,11,26,0,1,0,.231,.288,.381,.669
Travis d'Arnaud,ATL,C,35,46,134,18,33,13,0,5,21,0,0,12,36,0,2,3,.246,.318,.455,.773
Joey Gallo,WSH,OF,30,44,134,15,21,7,0,5,11,1,1,20,69,0,1,3,.157,.278,.321,.599
Luis Arraez,SD,2B,27,31,133,18,50,5,0,1,12,3,1,4,6,0,1,3,.376,.404,.436,.840
Tommy Pham,CWS,OF,36,33,132,19,37,7,0,3,12,3,1,9,31,0,0,1,.280,.331,.402,.733
Michael Taylor,PIT,OF,33,49,129,14,26,4,0,1,10,4,1,9,52,4,3,0,.202,.248,.256,.504
LaMonte Wade,SF,OF,30,52,129,22,43,6,0,2,17,1,1,33,35,0,2,2,.333,.470,.426,.896
Ezequiel Duran,TEX,SS,25,45,129,10,36,4,0,1,9,1,1,8,30,0,0,1,.279,.326,.333,.659
Max Schuemann,OAK,OF,26,46,128,20,33,5,0,3,11,4,0,11,34,1,1,2,.258,.324,.367,.691
Miguel Amaya,CHC,C,25,45,128,10,25,3,1,2,14,0,0,9,31,1,2,2,.195,.255,.281,.536
Adam Frazier,KC,2B,32,49,128,16,29,6,0,2,10,2,0,15,24,0,0,3,.227,.322,.320,.642
Edward Olivares,PIT,OF,28,40,127,19,30,4,0,5,20,1,0,12,30,0,3,1,.236,.301,.386,.687
Blaze Alexander,ARI,SS,24,46,127,17,36,7,0,3,19,2,1,12,37,0,0,0,.283,.345,.409,.754
Patrick Bailey,SF,C,25,40,127,15,35,7,0,4,20,2,0,14,30,1,4,0,.276,.338,.425,.763
Santiago Espinal,CIN,2B,29,45,125,11,24,3,0,3,17,6,0,11,19,4,4,0,.192,.250,.288,.538
Adam Duvall,ATL,OF,35,45,125,14,23,4,0,6,17,0,0,13,38,0,1,3,.184,.275,.360,.635
Tyler Nevin,OAK,3B,27,40,123,11,27,3,0,4,10,1,0,13,31,0,1,3,.220,.307,.341,.648
Gary Sanchez,MIL,C,31,42,122,16,26,5,0,7,21,0,0,9,34,0,1,4,.213,.287,.426,.713
Gio Urshela,DET,3B,32,38,122,10,32,5,0,2,14,0,0,5,18,0,1,1,.262,.295,.352,.647
David Fry,CLE,C,28,45,122,28,41,8,0,8,28,4,0,24,28,0,2,7,.336,.465,.598,1.063
Danny Jansen,TOR,C,29,36,121,21,33,11,0,5,15,0,0,15,19,0,2,0,.273,.348,.488,.836
Christian Vazquez,MIN,C,33,38,120,7,21,2,0,2,8,2,1,3,30,2,2,1,.175,.198,.242,.440
Ildemaro Vargas,WSH,3B,32,41,119,13,33,10,0,0,10,5,3,13,14,3,0,0,.277,.348,.361,.709
Tyrone Taylor,NYM,OF,30,47,119,14,28,6,1,2,16,6,0,4,27,1,1,0,.235,.258,.353,.611
J.D. Davis,OAK,3B,31,36,118,11,27,4,0,4,5,0,0,6,29,0,0,2,.229,.278,.364,.642
Mike Siani,STL,OF,24,58,118,16,24,2,1,1,9,6,2,7,35,7,1,1,.203,.252,.263,.515
Gabriel Arias,CLE,SS,24,40,118,11,25,7,1,1,10,4,1,5,40,0,1,1,.212,.248,.314,.562
Manuel Margot,MIN,OF,29,55,117,13,25,4,0,1,11,3,0,11,23,0,1,0,.214,.279,.274,.553
Vidal Brujan,MIA,2B,26,46,117,15,30,7,2,1,7,2,3,9,19,0,0,3,.256,.326,.376,.702
Jake Rogers,DET,C,29,39,116,19,26,5,0,4,8,0,0,8,40,0,0,2,.224,.286,.371,.657
Kevin Kiermaier,TOR,OF,34,46,116,13,24,4,2,2,9,4,0,7,39,3,1,1,.207,.256,.328,.584
Nick Fortes,MIA,C,27,46,116,9,20,3,0,2,10,0,1,4,15,1,0,2,.172,.213,.250,.463
Christian Encarnacion-Strand,CIN,1B,24,29,116,13,22,6,0,2,16,0,0,4,35,0,2,1,.190,.220,.293,.513
Jose Trevino,NYY,C,31,40,115,16,30,0,0,5,18,0,0,9,17,0,2,1,.261,.315,.391,.706
Jorge Mateo,BAL,SS,28,42,114,19,28,12,1,3,13,10,1,8,30,2,3,1,.246,.294,.447,.741
Trevor Larnach,MIN,OF,27,35,114,16,30,3,0,6,18,1,0,12,26,0,1,0,.263,.331,.447,.778
Enmanuel Valdez,BOS,2B,25,36,113,13,21,6,0,5,19,0,1,5,33,1,3,0,.186,.215,.372,.587
Ernie Clement,TOR,SS,28,48,112,13,26,5,1,2,9,3,0,3,8,2,1,1,.232,.256,.348,.604
David Hamilton,BOS,SS,26,40,112,17,31,6,1,2,7,12,1,9,30,0,0,1,.277,.336,.402,.738
Willie Calhoun,LAA,OF,29,31,112,14,32,10,0,1,7,0,0,5,14,0,1,0,.286,.314,.402,.716
Rob Refsnyder,BOS,OF,33,37,111,13,37,11,1,2,14,1,1,10,30,0,0,3,.333,.403,.505,.908
Carson Kelly,DET,C,29,39,110,9,26,3,1,2,14,0,0,10,28,0,0,3,.236,.317,.336,.653
Nick Ahmed,SF,SS,34,36,110,9,26,4,1,0,11,0,1,5,23,2,1,1,.236,.274,.291,.565
Nick Martini,CIN,OF,33,38,110,20,22,3,1,4,21,0,1,4,29,0,3,3,.200,.242,.355,.597
Cavan Biggio,TOR,2B,29,44,110,15,22,4,0,2,9,2,0,14,42,0,0,6,.200,.323,.291,.614
Austin Wells,NYY,C,24,38,110,13,22,7,0,1,7,1,0,14,25,0,3,1,.200,.289,.291,.580
James Outman,LAD,OF,27,36,109,10,16,4,0,3,10,2,1,13,40,0,0,2,.147,.250,.266,.516
Stuart Fairchild,CIN,OF,28,49,109,16,26,3,0,4,15,6,1,12,26,1,0,2,.239,.325,.376,.701
Whit Merrifield,PHI,2B,35,34,109,15,19,4,0,3,7,6,1,11,12,1,0,0,.174,.250,.294,.544
Mike Trout,LAA,OF,32,29,109,17,24,1,2,10,14,6,1,16,27,0,0,1,.220,.325,.541,.866
Willson Contreras,STL,C,32,31,107,20,30,11,0,6,12,2,0,18,35,0,0,3,.280,.398,.551,.949
Trey Lipscomb,WSH,3B,23,33,107,16,27,1,0,1,9,10,1,11,20,0,1,2,.252,.331,.290,.621
Ben Rortvedt,TB,C,26,46,107,16,26,4,0,0,9,1,0,18,32,0,0,1,.243,.357,.280,.637
Lawrence Butler,OAK,OF,23,41,106,8,19,4,0,2,7,3,0,15,36,0,0,0,.179,.281,.274,.555
Edmundo Sosa,PHI,SS,28,35,106,20,31,5,4,4,17,2,0,7,29,0,0,3,.292,.353,.528,.881
Brandon Drury,LAA,2B,31,30,104,9,18,4,0,1,6,0,0,6,22,0,1,2,.173,.230,.240,.470
Dominic Smith,BOS,1B,28,33,103,9,23,5,0,2,18,0,1,13,22,0,0,2,.223,.322,.330,.652
Alejandro Kirk,TOR,C,25,34,103,4,22,4,0,1,14,0,0,13,16,0,3,1,.214,.300,.282,.582
Emmanuel Rivera,MIA,3B,27,46,103,8,22,4,0,0,6,1,0,11,27,0,1,3,.214,.305,.252,.557
Freddy Fermin,KC,C,29,35,102,14,30,6,0,1,11,0,0,8,21,0,0,0,.294,.345,.382,.727
Michael Massey,KC,2B,26,29,102,17,30,6,0,6,23,0,0,3,16,2,3,0,.294,.306,.529,.835
DJ Stewart,NYM,OF,30,49,102,11,19,4,0,4,16,1,0,21,28,0,1,4,.186,.344,.343,.687
Jose Abreu,HOU,1B,37,32,102,8,12,1,0,2,6,0,0,4,27,0,1,2,.118,.165,.186,.351
Heliot Ramos,SF,OF,24,28,101,13,33,5,0,6,23,1,0,15,35,0,0,1,.327,.419,.554,.973
Chas McCormick,HOU,OF,29,32,99,8,20,3,1,0,8,3,0,9,31,0,1,1,.202,.273,.253,.526
Miguel Rojas,LAD,SS,35,38,99,12,28,9,0,2,12,3,0,8,8,0,0,0,.283,.336,.434,.770
Kyle Farmer,MIN,SS,33,49,99,10,17,8,0,0,10,3,2,10,23,0,0,4,.172,.274,.253,.527
Estevan Florial,CLE,OF,26,36,98,11,17,6,2,3,11,2,1,11,41,1,0,1,.173,.264,.367,.631
Reese McGuire,BOS,C,29,37,97,9,21,1,0,3,14,3,0,9,30,1,2,1,.216,.284,.320,.604
Martin Maldonado,CWS,C,37,34,95,2,7,1,0,1,4,0,0,6,38,2,0,0,.074,.129,.116,.245
Otto Lopez,MIA,SS,25,35,95,11,28,3,0,3,18,4,1,4,17,1,2,1,.295,.324,.421,.745
Nick Gonzales,PIT,2B,25,26,95,13,29,5,1,4,23,2,0,5,25,1,3,2,.305,.343,.505,.848
Nolan Jones,COL,OF,26,26,94,11,16,5,1,1,7,2,1,9,37,0,0,0,.170,.243,.277,.520
Randal Grichuk,ARI,OF,32,40,94,10,28,7,0,1,12,0,0,6,14,0,2,2,.298,.346,.404,.750
Jake Cave,COL,OF,31,47,92,14,22,2,2,0,6,2,0,10,30,0,1,0,.239,.311,.304,.615
James McCann,BAL,C,33,27,92,11,18,5,0,1,9,0,0,1,17,0,1,0,.196,.202,.283,.485
Zach McKinstry,DET,2B,29,42,92,5,18,2,2,1,6,2,0,8,28,0,1,1,.196,.265,.293,.558
Oliver Dunn,MIL,2B,26,38,90,11,21,2,2,1,7,3,0,5,37,0,0,1,.233,.281,.333,.614
Austin Hays,BAL,OF,28,37,90,10,19,6,0,2,9,0,1,5,23,0,1,3,.211,.273,.344,.617
Chris Taylor,LAD,OF,33,37,88,5,9,1,0,0,8,1,1,9,41,1,1,2,.102,.200,.114,.314
Travis Jankowski,TEX,OF,32,41,87,8,21,3,0,1,7,4,0,4,15,0,0,2,.241,.290,.310,.600
Curtis Mead,TB,3B,23,26,87,7,19,2,0,1,5,2,0,4,23,0,0,2,.218,.269,.276,.545
Nick Madrigal,CHC,2B,27,51,86,5,19,3,0,0,10,1,0,4,10,1,0,3,.221,.280,.256,.536
Kris Bryant,COL,OF,32,24,86,5,16,2,0,2,10,0,0,11,31,0,0,4,.186,.307,.279,.586
Ryan Noda,OAK,1B,28,30,86,7,11,3,0,1,2,0,0,12,32,1,0,1,.128,.242,.198,.440
Danny Mendick,CWS,SS,30,27,86,9,19,7,0,2,6,2,0,4,24,0,0,1,.221,.264,.372,.636
Victor Caratini,HOU,C,30,32,86,13,20,5,0,4,16,0,0,5,13,0,2,2,.233,.284,.430,.714
Jonny DeLuca,TB,OF,25,29,85,6,15,3,1,2,14,4,2,10,21,0,0,2,.176,.278,.306,.584
Luis Matos,SF,OF,22,21,85,9,19,3,0,2,20,0,0,3,10,0,1,0,.224,.247,.329,.576
Jacob Stallings,COL,C,34,29,84,9,24,4,0,3,15,0,0,8,19,0,1,3,.286,.365,.440,.805
Yan Gomes,CHC,C,36,30,84,7,13,2,0,2,6,0,0,2,34,0,1,1,.155,.182,.250,.432
Tomas Nido,NYM,C,30,32,83,9,19,2,0,3,8,0,0,4,20,2,1,0,.229,.261,.361,.622
Vaughn Grissom,BOS,SS,23,23,81,6,12,1,0,0,3,0,0,5,19,0,0,1,.148,.207,.160,.367
Dominic Canzone,SEA,OF,26,33,80,8,14,2,0,5,9,0,0,8,26,0,1,0,.175,.247,.388,.635
Masataka Yoshida,BOS,OF,30,24,80,12,22,3,0,2,11,0,0,6,11,0,0,3,.275,.348,.388,.736
Andy Ibanez,DET,2B,31,33,80,12,21,4,0,2,13,1,1,3,24,0,2,1,.263,.291,.388,.679
Kevin Pillar,LAA,OF,35,24,80,16,30,3,1,6,22,4,2,3,12,0,0,2,.375,.412,.663,1.075
Tyler Wade,SD,3B,29,42,80,14,20,2,0,0,7,6,1,9,20,2,0,1,.250,.333,.275,.608
Luis Urias,SEA,2B,27,34,79,8,12,4,0,3,12,0,0,7,31,0,0,5,.152,.264,.316,.580
Riley Adams,WSH,C,27,25,79,6,17,5,0,2,6,1,0,7,29,0,2,1,.215,.281,.354,.635
Jordan Beck,COL,OF,23,23,79,4,15,4,0,2,8,2,0,1,30,0,1,0,.190,.198,.316,.514
Henry Davis,PIT,OF,24,26,78,7,12,4,0,0,4,0,0,12,36,0,2,1,.154,.269,.205,.474
Triston Casas,BOS,1B,24,22,78,12,19,3,0,6,10,0,1,12,26,0,0,0,.244,.344,.513,.857
Garrett Hampson,KC,SS,29,46,78,8,25,5,0,0,6,5,2,6,25,2,0,0,.321,.369,.385,.754
Ramon Urias,BAL,3B,30,32,77,12,19,4,0,3,8,0,0,3,14,0,0,3,.247,.301,.416,.717
Yasmani Grandal,PIT,C,35,23,77,6,13,3,0,2,12,1,0,2,16,1,0,0,.169,.190,.286,.476
Austin Martin,MIN,OF,25,30,76,19,17,7,0,1,6,4,0,7,16,0,0,0,.224,.289,.355,.644
Dominic Fletcher,CWS,OF,26,28,75,4,13,4,0,0,6,0,0,6,26,1,0,2,.173,.253,.227,.480
Anthony Rendon,LAA,3B,34,19,75,9,20,3,0,0,3,3,1,6,15,0,1,1,.267,.325,.307,.632
Pete Crow-Armstrong,CHC,OF,22,31,74,5,16,2,1,1,10,7,0,4,19,2,1,2,.216,.272,.311,.583
Sean Bouchard,COL,OF,28,25,74,11,15,6,0,1,6,4,0,11,27,1,1,2,.203,.318,.324,.642
Kyle Manzardo,CLE,1B,23,25,73,4,16,9,0,0,7,0,0,3,21,0,1,1,.219,.256,.342,.598
Parker Meadows,DET,OF,24,32,73,9,7,1,1,2,3,3,1,11,32,0,0,1,.096,.224,.219,.443
Luke Maile,CIN,C,33,28,72,5,13,2,0,1,5,0,0,7,27,0,0,4,.181,.289,.250,.539
Brandon Lowe,TB,2B,29,23,72,10,15,3,2,2,14,0,0,9,21,0,0,2,.208,.313,.389,.702
Christian Bethancourt,MIA,C,32,32,71,8,11,3,0,1,5,0,0,3,18,2,0,1,.155,.200,.239,.439
Robbie Grossman,CWS,OF,34,25,71,6,15,4,0,0,4,2,0,13,20,0,1,0,.211,.329,.268,.597
Patrick Wisdom,CHC,3B,32,30,70,7,14,4,1,3,12,3,0,6,25,0,1,2,.200,.278,.414,.692
Ramon Laureano,CLE,OF,29,31,70,7,10,3,0,1,4,3,1,7,32,0,1,5,.143,.265,.229,.494
Mark Vientos,NYM,DH,24,21,70,12,22,4,0,5,12,0,0,7,16,0,1,0,.314,.372,.586,.958
Nick Allen,OAK,SS,25,28,70,4,12,2,0,1,3,0,0,5,19,2,0,0,.171,.227,.243,.470
Garrett Cooper,BOS,1B,33,23,67,3,11,4,0,0,4,0,0,3,21,0,0,2,.164,.222,.224,.446
Donovan Solano,SD,2B,36,23,67,5,22,3,0,1,6,0,0,5,10,0,1,2,.328,.387,.418,.805
Daniel Vogelbach,TOR,DH,31,29,66,5,13,5,0,1,8,0,0,8,17,0,0,0,.197,.284,.318,.602
Jose Azocar,SD,OF,28,52,66,11,15,2,0,0,2,3,1,5,17,1,0,0,.227,.282,.258,.540
Tyler Fitzgerald,SF,OF,26,27,66,9,18,4,1,1,4,5,1,5,24,0,0,1,.273,.333,.409,.742
Kyle McCann,OAK,C,26,25,66,9,19,3,0,3,8,0,0,9,23,0,0,0,.288,.373,.470,.843
Darell Hernaiz,OAK,SS,22,29,66,7,12,0,0,0,6,1,0,6,16,1,2,0,.182,.243,.182,.425
Omar Narvaez,NYM,C,32,28,65,4,10,2,0,0,5,0,0,3,12,1,0,0,.154,.191,.185,.376
Braden Shewmake,CWS,SS,26,29,64,4,8,2,0,1,4,5,1,1,10,0,2,0,.125,.134,.203,.337
Bobby Dalbec,BOS,1B,28,28,63,5,10,2,0,1,7,2,0,6,33,1,0,1,.159,.243,.238,.481
Corey Julks,CWS,OF,28,18,62,7,17,5,0,2,6,2,0,8,13,0,0,0,.274,.357,.452,.809
Alika Williams,PIT,SS,25,23,62,8,13,1,2,0,2,1,0,2,14,4,0,0,.210,.234,.290,.524
Lenyn Sosa,CWS,2B,24,20,61,4,14,2,0,1,4,0,0,3,17,1,0,1,.230,.277,.311,.588
Miguel Sano,LAA,1B,31,21,61,8,16,3,0,1,5,0,0,8,27,0,1,1,.262,.352,.361,.713
Kyle Higashioka,SD,C,34,21,61,6,11,2,0,4,6,0,0,1,23,0,0,0,.180,.194,.410,.604
Matt Carpenter,STL,DH,38,19,60,6,12,1,0,2,5,0,1,7,19,0,0,1,.200,.294,.317,.611
Pablo Reyes,BOS,SS,30,21,60,4,11,2,0,0,5,1,2,3,19,0,0,1,.183,.234,.217,.451
Mike Ford,CIN,DH,31,17,60,2,9,0,1,1,4,0,0,2,15,0,0,0,.150,.177,.233,.410
Joey Bart,PIT,C,27,22,60,7,16,3,0,4,12,0,0,8,19,0,0,1,.267,.362,.517,.879
Hunter Goodman,COL,OF,24,20,60,6,10,4,0,2,8,1,1,2,18,0,0,2,.167,.219,.333,.552
Victor Scott,STL,OF,23,20,59,6,5,3,0,0,2,2,0,2,15,0,2,2,.085,.138,.136,.274
Cristian Pache,PHI,OF,25,28,59,6,12,2,1,0,8,0,0,8,24,0,1,0,.203,.294,.271,.565
Josh Lowe,TB,OF,26,17,58,5,13,5,0,2,4,0,0,4,18,0,0,0,.224,.274,.414,.688
Michael Toglia,COL,OF,25,18,58,8,9,0,1,4,12,0,0,1,23,0,0,1,.155,.183,.397,.580
Jordan Walker,STL,OF,22,20,58,4,9,4,1,0,4,0,0,6,18,0,2,1,.155,.239,.259,.498
Tucker Barnhart,ARI,C,33,22,57,10,8,2,0,0,1,1,0,12,24,2,0,0,.140,.290,.175,.465
Jason Heyward,LAD,OF,34,21,57,10,14,4,1,2,6,2,0,5,9,0,1,1,.246,.313,.456,.769
Aaron Hicks,LAA,OF,34,18,57,6,8,0,0,1,5,0,0,6,23,0,0,0,.140,.222,.193,.415
Pavin Smith,ARI,OF,28,27,56,9,15,5,0,3,14,0,0,4,9,0,1,0,.268,.311,.518,.829
Nick Loftin,KC,1B,25,24,56,11,16,0,0,0,8,0,0,9,9,1,2,0,.286,.373,.286,.659
TJ Friedl,CIN,OF,28,16,56,10,13,2,0,3,13,5,0,7,12,0,0,5,.232,.368,.429,.797
Esteury Ruiz,OAK,OF,25,29,55,10,11,2,1,2,8,5,4,4,20,2,2,2,.200,.270,.382,.652
Dairon Blanco,KC,OF,31,38,55,17,14,3,0,1,4,13,3,5,15,1,1,1,.255,.323,.364,.687
Francisco Alvarez,NYM,C,22,16,55,8,13,4,0,1,8,1,0,4,14,0,0,0,.236,.288,.364,.652
Jon Berti,NYY,SS,34,17,55,6,15,0,0,1,6,4,1,4,13,1,0,0,.273,.322,.327,.649
Austin Hedges,CLE,C,31,20,54,5,7,1,0,1,7,1,0,2,21,0,1,0,.130,.158,.204,.362
Tyler Soderstrom,OAK,DH,22,23,54,2,10,3,0,1,5,0,0,9,25,0,0,1,.185,.313,.296,.609
Dylan Carlson,STL,OF,25,26,54,6,9,1,0,0,3,0,0,6,15,0,0,1,.167,.262,.185,.447
Jared Walsh,TEX,1B,30,17,53,9,12,2,0,1,7,0,0,7,21,0,0,0,.226,.317,.321,.638
Garrett Stubbs,PHI,C,31,18,52,6,9,1,0,0,3,3,0,7,13,0,0,0,.173,.271,.192,.463
Chadwick Tromp,ATL,C,29,19,52,3,13,6,0,0,6,0,0,1,17,0,1,0,.250,.259,.365,.624
Austin Barnes,LAD,C,34,20,51,3,11,1,0,0,2,0,0,8,14,2,0,0,.216,.322,.235,.557
Kyren Paris,LAA,SS,22,21,51,4,6,2,0,1,5,1,0,7,17,0,0,0,.118,.224,.216,.440
Avisail Garcia,MIA,OF,32,18,50,4,12,1,0,2,2,0,0,1,13,0,0,0,.240,.255,.380,.635
Matt Thaiss,LAA,C,29,19,50,4,11,3,0,1,5,0,0,7,17,0,0,0,.220,.316,.340,.656
Miguel Andujar,OAK,OF,29,12,49,6,14,2,0,2,12,1,0,0,7,0,1,0,.286,.280,.449,.729
Andrew Knizner,TEX,C,29,21,49,3,7,0,0,1,5,0,0,1,12,0,1,0,.143,.157,.204,.361
Trent Grisham,NYY,OF,27,24,48,3,4,0,0,2,6,0,1,8,18,0,1,1,.083,.224,.208,.432
Eguy Rosario,SD,3B,24,28,48,4,12,5,0,3,6,0,0,2,19,1,0,1,.250,.294,.542,.836
Jonathan Aranda,TB,DH,26,18,47,8,10,2,0,1,3,0,0,5,14,0,0,0,.213,.288,.319,.607
Alan Trejo,COL,SS,28,21,47,1,6,0,0,0,1,0,0,0,11,1,0,0,.128,.128,.128,.256
Dane Myers,MIA,OF,28,22,46,7,10,1,1,1,8,1,0,4,18,0,1,2,.217,.302,.348,.650
Bryan Ramos,CWS,3B,22,15,46,4,9,2,0,0,2,0,0,1,8,0,1,0,.196,.208,.239,.447
Alex Jackson,TB,C,28,19,46,1,2,1,0,0,2,0,0,2,25,1,1,0,.043,.082,.065,.147
Cole Tucker,LAA,OF,27,21,45,3,8,3,1,0,3,3,1,5,16,0,1,0,.178,.255,.289,.544
Luis Guillorme,LAA,2B,29,18,45,3,13,3,0,0,2,0,0,5,10,0,1,0,.289,.353,.356,.709
Austin Slater,SF,OF,31,27,45,6,7,0,0,0,1,1,1,9,15,0,0,2,.156,.321,.156,.477
Brett Wisely,SF,2B,25,17,44,5,14,2,0,1,7,1,0,2,10,0,1,0,.318,.340,.432,.772
Luis Robert,CWS,OF,26,11,44,6,9,2,0,4,6,1,0,1,19,0,0,0,.205,.222,.523,.745
Jacob Hurtubise,CIN,OF,26,22,43,7,10,1,1,0,4,1,0,5,12,4,1,3,.233,.346,.302,.648
Brett Harris,OAK,3B,25,17,43,7,5,0,0,3,5,0,0,9,13,0,1,2,.116,.291,.326,.617
Rene Pinto,TB,C,27,19,42,5,9,3,0,2,6,0,0,4,18,1,1,1,.214,.292,.429,.721
Miles Mastrobuoni,CHC,3B,28,19,40,5,5,1,0,0,2,0,0,5,9,0,0,0,.125,.222,.150,.372
Kody Clemens,PHI,3B,28,17,39,7,10,3,1,3,10,0,0,2,10,0,0,0,.256,.293,.615,.908
Joey Loperfido,HOU,OF,25,14,39,4,13,1,0,1,5,1,0,3,17,1,0,0,.333,.381,.436,.817
Zack Short,ATL,2B,29,16,39,7,6,2,0,0,3,1,0,8,11,0,0,1,.154,.313,.205,.518
Yoan Moncada,CWS,3B,29,11,39,4,11,3,1,0,0,1,0,5,10,0,0,0,.282,.364,.410,.774
Seby Zavala,SEA,C,30,17,38,4,6,2,0,1,2,0,0,2,15,1,0,0,.158,.200,.289,.489
Austin Shenton,TB,3B,26,17,37,3,7,4,0,1,3,0,0,7,13,0,0,0,.189,.318,.378,.696
Garrett Cooper,CHC,1B,33,12,37,3,10,1,1,1,6,0,0,4,13,0,0,0,.270,.341,.432,.773
Brandon Crawford,STL,SS,37,13,37,3,6,1,0,1,1,0,0,3,14,0,0,0,.162,.225,.270,.495
Joey Wendle,NYM,3B,34,18,36,3,8,1,0,0,1,1,0,1,9,0,0,0,.222,.243,.250,.493
Romy Gonzalez,BOS,2B,27,17,35,2,9,1,1,0,6,2,0,3,7,0,1,0,.257,.308,.343,.651
Jackson Holliday,BAL,SS,20,10,34,5,2,0,0,0,1,0,0,2,18,0,0,0,.059,.111,.059,.170
Casey Schmitt,SF,SS,25,10,34,3,8,1,0,2,5,0,0,0,7,0,0,1,.235,.257,.441,.698
Jonatan Clase,SEA,OF,22,15,34,3,6,1,0,0,3,2,0,1,13,0,0,0,.176,.200,.206,.406
Tom Murphy,SF,C,33,13,34,3,4,1,0,1,2,0,0,4,14,0,0,0,.118,.211,.235,.446
Sean Murphy,ATL,C,29,10,34,2,5,1,0,1,4,0,0,2,9,0,0,1,.147,.216,.265,.481
Zach Remillard,CWS,2B,30,15,33,3,8,1,1,0,1,1,0,5,10,1,0,0,.242,.342,.333,.675
Robbie Grossman,TEX,OF,34,15,33,2,5,1,0,0,4,0,0,7,7,0,1,0,.152,.293,.182,.475
Graham Pauley,SD,3B,23,13,32,4,4,0,0,2,5,0,0,0,15,0,0,0,.125,.125,.313,.438
Blake Sabol,SF,C,26,11,32,3,10,2,0,0,1,0,0,5,9,0,0,1,.313,.421,.375,.796
Curt Casali,SF,C,35,10,31,4,5,0,0,0,2,0,0,5,4,1,0,1,.161,.297,.161,.458
Trevor Story,BOS,SS,31,8,31,1,7,3,0,0,4,1,1,3,9,0,0,0,.226,.294,.323,.617
Andruw Monasterio,MIL,2B,27,16,30,6,4,0,0,1,3,2,0,5,9,0,0,0,.133,.257,.233,.490
Kyle Stowers,BAL,OF,26,15,30,2,9,4,0,0,6,0,1,0,10,0,1,0,.300,.290,.433,.723
Davis Wendzel,TEX,3B,27,18,29,1,2,0,0,1,2,0,0,0,4,0,0,0,.069,.069,.172,.241
DJ LeMahieu,NYY,3B,35,9,29,6,6,0,0,0,0,0,0,7,8,0,0,0,.207,.361,.207,.568
David Peralta,SD,OF,36,13,29,4,7,2,0,0,3,0,0,3,7,0,0,1,.241,.333,.310,.643
Daz Cameron,OAK,OF,27,9,28,3,6,1,0,1,4,1,0,0,4,0,0,0,.214,.214,.357,.571
Owen Miller,MIL,2B,27,14,27,2,5,1,0,0,3,0,0,0,8,0,0,0,.185,.185,.222,.407
Matt Mervis,CHC,1B,26,9,26,1,3,1,0,0,3,0,0,1,8,0,0,0,.115,.148,.154,.302
Joey Wiemer,MIL,OF,25,19,26,2,4,0,0,0,0,1,1,1,9,0,0,0,.154,.185,.154,.339
Ehire Adrianza,LAA,OF,34,8,26,4,5,1,0,1,2,0,0,2,11,0,0,0,.192,.250,.346,.596
Kevin Pillar,CWS,OF,35,17,25,1,4,2,0,1,4,2,0,4,8,1,1,1,.160,.290,.360,.650
Victor Robles,WSH,OF,27,14,25,3,3,0,0,0,2,4,1,5,9,1,1,1,.120,.281,.120,.401
Matt Wallner,MIN,OF,26,13,25,1,2,1,0,1,4,0,0,3,17,0,1,4,.080,.273,.240,.513
Jose Fermin,STL,2B,25,16,25,1,3,0,0,0,0,1,0,2,5,0,0,1,.120,.214,.120,.334
Geraldo Perdomo,ARI,SS,24,7,24,3,6,1,0,0,2,0,0,2,3,0,0,1,.250,.333,.292,.625
Ji Hwan Bae,PIT,OF,24,8,24,5,5,0,0,0,2,2,1,2,7,0,0,0,.208,.269,.208,.477
Marco Luciano,SF,SS,22,10,24,6,9,2,1,0,1,0,0,3,5,0,0,0,.375,.444,.542,.986
Johnathan Rodriguez,CLE,OF,24,8,23,3,3,1,0,0,3,0,0,5,9,0,0,0,.130,.286,.174,.460
Alexander Canario,CHC,DH,24,13,22,4,6,1,0,1,2,1,0,2,11,0,0,1,.273,.360,.455,.815
Tyler Black,MIL,3B,23,7,22,1,5,2,0,0,0,2,0,1,8,0,0,0,.227,.261,.318,.579
Jace Peterson,ARI,3B,34,14,22,2,1,0,0,0,1,0,0,3,6,0,1,0,.045,.154,.045,.199
Jose Iglesias,NYM,SS,34,6,22,3,9,2,0,0,3,1,0,1,3,0,0,0,.409,.435,.500,.935
Trey Cabbage,HOU,OF,27,12,21,4,5,1,0,1,4,0,0,0,6,0,0,0,.238,.238,.429,.667
Akil Baddoo,DET,OF,25,9,21,3,4,1,1,1,2,1,0,3,7,0,1,0,.190,.280,.476,.756
Miguel Vargas,LAD,2B,24,7,20,5,5,3,0,1,3,1,0,2,5,0,0,0,.250,.318,.550,.868
Ryan Bliss,SEA,SS,24,9,20,5,4,0,0,1,2,3,0,4,5,0,0,0,.200,.333,.350,.683
Pedro Pages,STL,C,25,11,20,1,1,1,0,0,4,0,0,4,8,0,1,0,.050,.200,.100,.300
Luis Guillorme,ATL,2B,29,10,20,2,3,2,0,0,3,0,0,1,5,0,0,0,.150,.190,.250,.440
Addison Barger,TOR,OF,24,5,18,1,1,0,0,0,0,0,0,0,6,0,0,0,.056,.056,.056,.112
Bubba Thompson,CIN,OF,26,17,18,5,2,1,0,0,0,5,0,0,11,0,0,0,.111,.111,.167,.278
Oscar Colas,CWS,OF,25,7,17,1,4,0,0,0,3,0,0,2,4,0,0,1,.235,.350,.235,.585
Josh Jung,TEX,3B,26,4,17,5,7,1,1,2,6,1,0,2,4,0,0,0,.412,.474,.941,1.415
Alex Call,WSH,OF,29,7,16,6,5,1,0,0,1,1,0,3,5,0,0,2,.313,.476,.375,.851
Niko Goodrum,TB,SS,32,9,16,1,3,0,0,0,0,0,1,1,6,1,0,0,.188,.235,.188,.423
Sam Haggerty,SEA,OF,30,8,15,1,1,0,0,0,1,1,0,1,4,0,0,0,.067,.125,.067,.192
Royce Lewis,MIN,3B,25,5,15,3,5,0,0,3,3,0,0,2,4,0,0,0,.333,.412,.933,1.345
Heston Kjerstad,BAL,DH,25,7,14,0,2,0,0,0,0,0,0,2,6,0,0,1,.143,.294,.143,.437
Alek Thomas,ARI,OF,24,4,14,2,3,1,0,1,4,0,0,0,3,0,0,0,.214,.214,.500,.714
Connor Norby,BAL,2B,24,4,14,2,3,0,0,1,2,0,0,0,3,0,0,0,.214,.214,.429,.643
Justyn-Henry Malloy,DET,OF,24,5,14,1,2,0,0,1,1,0,0,3,6,0,0,0,.143,.294,.357,.651
Rafael Ortega,CWS,OF,33,14,14,4,1,0,0,0,1,2,0,2,4,0,1,0,.071,.176,.071,.247
Niko Goodrum,LAA,SS,32,4,13,1,0,0,0,0,0,1,0,2,4,0,0,0,.000,.133,.000,.133
Luis Torrens,NYM,C,28,5,13,3,4,1,0,2,4,0,0,1,4,0,0,0,.308,.357,.846,1.203
Drew Millas,WSH,C,26,4,13,0,1,0,0,0,0,1,0,1,4,0,0,0,.077,.143,.077,.220
Jonah Bride,MIA,3B,28,7,12,1,2,1,0,0,2,0,0,1,2,0,0,0,.167,.231,.250,.481
Jakson Reetz,SF,C,28,5,12,1,1,0,0,1,1,0,0,0,4,0,0,0,.083,.083,.333,.416
David Bote,CHC,2B,31,5,12,2,3,1,0,0,1,0,0,0,4,0,0,0,.250,.250,.333,.583
Aledmys Diaz,OAK,SS,33,4,11,1,1,0,0,0,1,0,0,0,2,0,0,0,.091,.091,.091,.182
Daniel Schneemann,CLE,3B,27,5,11,1,5,1,1,0,2,0,0,4,3,0,0,0,.455,.600,.727,1.327
Zach DeLoach,CWS,OF,25,5,11,1,1,1,0,0,1,0,0,3,5,0,0,0,.091,.286,.182,.468
Grae Kessinger,HOU,SS,26,12,11,1,0,0,0,0,0,0,0,0,5,0,0,0,.000,.000,.000,.000
Buddy Kennedy,DET,3B,25,6,10,2,2,0,0,1,4,1,0,2,4,0,1,0,.200,.308,.500,.808
Jorge Barrosa,ARI,OF,23,3,10,1,2,1,0,0,1,0,0,0,1,0,0,0,.200,.200,.300,.500
Jamie Westbrook,BOS,OF,28,6,10,1,2,0,0,1,1,0,0,2,4,0,0,1,.200,.385,.500,.885
Tony Kemp,BAL,2B,32,5,9,1,0,0,0,0,0,0,0,1,1,0,0,0,.000,.100,.000,.100
Derek Hill,TEX,OF,28,5,9,1,2,0,0,0,0,1,1,1,2,0,0,0,.222,.300,.222,.522
Jahmai Jones,NYY,DH,26,15,9,2,2,0,0,1,1,1,0,1,4,0,0,1,.222,.364,.556,.920
Zack Short,NYM,2B,29,10,9,2,1,0,0,0,0,0,1,2,4,1,0,0,.111,.273,.111,.384
Trenton Brooks,SF,1B,28,5,9,2,1,0,0,0,0,0,0,2,3,0,0,0,.111,.273,.111,.384
Ryan Vilade,DET,OF,25,4,9,0,2,0,0,0,3,0,0,1,1,0,0,0,.222,.300,.222,.522
Conner Capel,CIN,OF,27,5,8,1,2,0,0,0,0,1,0,0,2,0,0,0,.250,.250,.250,.500
Nasim Nunez,WSH,SS,23,16,8,5,0,0,0,0,0,2,1,0,3,0,0,0,.000,.000,.000,.000
Ryan McKenna,BAL,OF,27,9,8,3,3,0,0,2,2,0,1,1,1,0,0,0,.375,.444,1.125,1.569
David Fletcher,ATL,2B,30,5,8,0,2,0,0,0,2,0,0,0,1,0,1,0,.250,.222,.250,.472
Brian Serven,TOR,C,29,7,8,1,0,0,0,0,0,0,0,1,4,0,0,1,.000,.200,.000,.200
Zack Short,BOS,2B,29,2,7,0,0,0,0,0,0,0,0,0,4,0,0,0,.000,.000,.000,.000
Blake Dunn,CIN,OF,25,5,7,4,1,1,0,0,0,0,0,1,1,0,0,0,.143,.250,.286,.536
Taylor Walls,TB,SS,27,2,7,0,2,1,0,0,0,0,0,0,4,0,0,0,.286,.286,.429,.715
Grant Koch,PIT,C,27,3,7,1,0,0,0,0,0,0,0,1,6,0,0,0,.000,.125,.000,.125
Taylor Trammell,LAD,OF,26,5,6,0,0,0,0,0,0,0,0,0,3,0,0,0,.000,.000,.000,.000
Xavier Edwards,MIA,2B,24,2,6,0,1,0,0,0,0,0,0,2,2,0,0,0,.167,.375,.167,.542
Ryan McKenna,SF,OF,27,4,6,1,0,0,0,0,0,1,0,0,4,0,0,0,.000,.000,.000,.000
Leonardo Rivas,SEA,2B,26,5,6,2,2,0,1,0,0,0,0,0,3,0,0,0,.333,.333,.667,1.000
Tristan Gray,MIA,1B,28,6,6,0,0,0,0,0,0,0,0,0,2,0,0,0,.000,.000,.000,.000
Victor Robles,SEA,OF,27,3,5,1,1,1,0,0,1,0,0,0,2,0,0,1,.200,.333,.400,.733
Jhonny Pereda,MIA,C,28,5,5,0,0,0,0,0,0,0,0,0,1,0,0,0,.000,.000,.000,.000
David Dahl,PHI,OF,30,2,5,2,3,1,0,1,1,0,0,0,1,0,0,0,.600,.600,1.400,2.000
J.P. Martinez,ATL,OF,28,4,5,1,1,1,0,0,0,0,0,0,2,0,0,0,.200,.200,.400,.600
Samad Taylor,SEA,2B,25,3,5,2,2,0,0,0,0,0,0,0,1,0,0,0,.400,.400,.400,.800
Jair Camargo,MIN,C,24,2,4,1,0,0,0,0,0,0,0,1,2,0,0,0,.000,.200,.000,.200
Matthew Batten,SD,3B,28,1,3,0,1,0,1,0,0,0,0,0,0,0,0,0,.333,.333,1.000,1.333
Duke Ellis,CWS,OF,26,5,3,0,0,0,0,0,0,3,0,0,1,0,0,0,.000,.000,.000,.000
Brian Anderson,ATL,3B,31,2,3,0,0,0,0,0,0,0,0,0,0,0,0,0,.000,.000,.000,.000
Jason Delay,PIT,C,29,1,3,0,0,0,0,0,1,0,0,1,0,1,0,0,.000,.250,.000,.250
Luke Williams,ATL,SS,27,8,3,1,0,0,0,0,0,0,0,0,2,0,0,1,.000,.250,.000,.250
Brett Sullivan,SD,C,30,3,2,0,0,0,0,0,0,0,0,0,2,0,0,0,.000,.000,.000,.000
Spencer Horwitz,TOR,1B,26,1,2,1,0,0,0,0,0,0,0,1,0,0,0,0,.000,.333,.000,.333
Justin Foscue,TEX,2B,25,2,2,0,1,0,0,0,1,0,0,0,0,0,0,0,.500,.500,.500,1.000
Michael Stefanic,LAA,2B,28,1,1,0,1,0,0,0,0,0,0,0,0,0,0,0,1.000,1.000,1.000,2.000
Jonathan Ornelas,TEX,SS,24,1,1,0,0,0,0,0,0,0,0,0,0,0,0,0,.000,.000,.000,.000
Chris Roller,MIL,OF,27,1,1,0,0,0,0,0,0,0,0,0,1,0,0,0,.000,.000,.000,.000
Jacob Amaya,HOU,SS,25,1,1,0,0,0,0,0,0,0,0,0,0,0,0,0,.000,.000,.000,.000
Luis Vazquez,CHC,SS,24,2,1,1,0,0,0,0,0,0,0,0,1,0,0,0,.000,.000,.000,.000
David Banuelos,BAL,C,27,1,1,0,0,0,0,0,0,0,0,0,0,0,0,0,.000,.000,.000,.000
Taylor Trammell,NYY,OF,26,5,1,2,1,0,0,0,0,0,0,1,0,0,0,0,1.000,1.000,1.000,2.000
Forrest Wall,ATL,OF,28,2,1,1,0,0,0,0,0,0,0,0,0,0,0,0,.000,.000,.000,.000
Tyler Heineman,BOS,C,32,1,1,0,0,0,0,0,0,0,0,0,0,0,0,1,.000,.500,.000,.500